ResponseId,QRP_USE
R_Y0mNLnRN80DaTAt,1
R_1GOdpCkb6fmMf4I,1
R_3e4QcZi6hhJF8ne,1
R_3j808OCG8McQ8hz,1
R_3MJSiT87DjmzIyH,1
R_1gBf0WqqvgvBIKk,1
R_33sCTBoTzx5nrci,1
R_265e9dGV4gYtScm,1
R_24d41lUo1FVokG4,1
R_1LihZdMrCnZqh4B,1
R_C82auPKQPESSA5r,1
R_3m4zBtItn8GrpCr,1
R_3pl2Bb6EVB0inGq,1
R_2E7bywj7zCyhedQ,1
R_2PeaOOzvlvMxoRE,1
R_25FbKWB40VdexlX,1
R_2QoHaaL1yRZAI0s,1
R_ZyKdSy8uZGbjKiB,1
R_2WxvaX9TdBelMNU,1
R_3M9IHxVG26onBDR,1
R_3IPHp7gHOonfrSp,1
R_1mPGZi0u5puZwA8,1
R_RqUuMgaB5U4yF33,1
R_2aWZcIa51m4C7xc,1
R_32Se6Wnx3ZRNvVG,1
R_2wpFXl4LJDCsqsa,1
R_3FKCWETzHz8OLOH,1
R_3qxLbVaGLXSCayp,1
R_1rAr13ibLiqAA0m,1
R_3PMmofR8CJnIWUO,1
R_2rOpIZpFqTNcQWf,1
R_3PFg7O9SrIqB4mz,1
R_2v1HgxBldITo8Gs,1
R_3lFHwRetQU27xt7,1
R_Y0su8JRdSbdg3Xr,1
R_3snxRXJuyOU0IBn,1
R_d6lFJMmNGaj3OjD,1
R_240eohIPNeYpRwq,1
R_2wmXF4cT62p55XV,1
R_6iiIshoBW6gvWdb,1
R_10utPS2ZA5GyrWO,1
R_yJi9k8iHvh9sddT,1
R_AcysqqD16kd9wbL,1
R_1j8pfRPZmJcFG5O,1
R_vumhMowg4RymVrz,1
R_21d2pHsR6lqhRAm,1
R_3dKdHfshTMe6Uiv,1
R_2cct0NeFO1neDLz,1
R_3HXNLbTj2xDGDNb,1
R_3nSM1bFmd02hc1L,1
R_08HoeFdBaajp3pv,1
R_DcrKs6tFR7dLAHL,1
R_3Dv9I22yLgbwZuE,1
R_2tfEXYmaA5sf9kY,1
R_1GvGa32D5n8KvUu,1
R_3Eyy3u5mE6R3Hh9,1
R_2BaMIrplvdObBe4,0
R_1OU0DxLE5DRUCpw,0
R_2BsS81D4QdxB2hM,0
R_25BFAaZlk25bD0k,0
R_1K3V8rJ7beKuUiY,0
R_3r0BcLQuetwPgys,0
R_2tx3vP0xoDlDwBl,0
R_12RWODnXN2yPWrQ,0
R_1OlRMSRxW58jKLz,0
R_215Fc2UXMibcA6X,0
R_1CHm3zqs7ODQIhW,0
R_3EAcqJnfXMiNBA2,0
R_2V4OV255bzqK4md,0
R_2ZKaGJ0WZz3DNaC,0
R_2sRBzqjMgtYM5Wj,0
R_3L6kQkAwyxXzZVh,0
R_1pnu1Ir6GliW1Yn,0
R_2waCjkVzHFtcDqp,0
R_1pzdRWzZwlHpD10,0
R_2WVxiiXL5oQ0OfM,0
R_1prg588BJPVuPJ9,0
R_3m7s55qmO3x2ZnJ,0
R_3J1L1lxUTQNhx0c,0
R_0c8mIUi5d6I7Sc9,0
R_3PIwcb1jGsKxOdb,0
R_25vc31KlUvtwWQd,0
R_2Y629L0uIAzIl06,0
R_ymO3WY5VmFMLYsN,0
R_3PiRYI75w63r6KR,0
R_1oIjGEKII3HY9px,0
R_72PWg1Nm53kEehr,0
R_27BiuJyer3OuLuP,0
R_1d4u7tPKD9vKWzw,0
R_25sU5WhDabBIvnk,0
R_rrLLjK7dRlxfoC5,0
R_5o7niVDqNTP5Edz,0
R_ahnWC8AohuGg0jn,0
R_3HRYWKOJolGt9Xw,0
R_1Ean227teti79ZK,0
R_2dnjRIIh8j6pItr,0
R_1q4VSLLgHmGlCc1,0
R_036iAEWFC5UUCzv,0
R_2fBPH1fEjvzdICT,0
R_3GdL6geTZOMuC2L,0
R_3qCAG3T8Jpmdvml,0
R_1HorCHHj491QxfM,0
R_2fdq3dTchEFR02L,0
R_ReQszEOSYLP8ioF,0
R_1TxV2iRl0oSHF4J,0
R_Ajt4xKSnsl6MnOp,0
R_3PauIKS1sTg4JEp,0
R_Uu1iuHFpUnfenV7,0
R_dhj9aUw9qerDeut,0
R_3J8mo3JQOD3CUJ2,0
R_xbh0KJlePRHZyIV,0
R_2aK5WLi1t9iTqDH,0
R_RQ3ldmPDA4Vy6Qx,0
R_2wFejrVJJ0en0W0,0
R_3jUqr1G0CiFTT0x,0
R_UzhuO6wNTKpdamJ,0
R_3pYZTBBAsFCKTvz,0
R_3LXWk2NDIKt55RD,0
R_3Rn4hewwZ87H93W,0
R_2eVishh2yovPeLv,0
R_3dS48Z2LiLkKj9U,0
R_1mKJl2phgAC4qmh,0
R_1MPXEZ6KT6hPwNu,0
R_86a0C2qswDDQdxL,0
R_3OoJ2V60RNlsamG,0
R_2ZZvPsIprflIJFY,0
R_2ckdabSaYFT4JNX,0
R_2eR0kEj0sqEefWT,0
R_3RsV8Do3dQOx4IT,0
R_RfMNNFZgxwagYsV,0
R_2qaaf0hcDXP6lLN,0
R_1BWrCQJ2MHqtCQy,0
R_2Wu4z5SlJsnRe7b,0
R_2v8QvIxgRcRHQXy,0
R_23dFkhZllbvz9bo,0
R_1obze6honwp3qVr,0
R_2aDdT64wJvfL40l,0
R_2CZFOuTC6IL1luy,0
R_3J7WD3uaarrGaEF,0
R_DU0VOGEnoBfs2ul,0
R_232Lkc1ntceyfBm,0
R_sgQynoctTbxSPlL,0
R_3RkLVFApTFGDWwE,0
R_3CUZ85XmDhqt6lZ,0
R_syP4pWlhbY3EmWZ,0
R_ZqwavxDhVRs6W2Z,0
R_3JblAlCG3XSrrOp,0
R_enVxRlitijsXPRD,0
R_2tA58W2reehhJd0,0
R_305A591S5QphaDe,0
R_2uNBMD7LACMv333,0
R_3ranyNlm2TGzW13,0
R_1lfuXuFi5QKJrwt,0
R_2WNLnUEcGHpYDTd,0
R_2v0nGPwtdkUBxFI,0
R_6zkqCll6aNK9oB3,0
R_28ZMEblEC1mTh4A,0
R_24slkpXlPNaBTod,0
R_2X1EFopSPhw64Uu,0
R_vVaEhbHe1ZvzRct,0
R_vUNMoc0zChLlBzr,0
R_2pPQk0kOVYNGxh4,0
R_CdWpGoSNiBrxtZf,0
R_1QfodoamRwo9gsX,0
R_1GQddsGdZpvYnPz,0
R_2OMR6zFUOhee3kn,0
R_3qPXG3uvGvGAt2i,0
R_bvZUoxseo3dUbqF,0
R_1LLFJB93jcUSFHR,0
R_12nxrLyK4gOdZaD,0
R_56afKiZTRaNEWl3,0
R_2xyrdLiGrnExtZV,0
R_2e9yUCPQNkCFQwh,0
R_2zDdPLvWAsumFwH,0
R_2vf4PCTpMAiBjiP,0
R_eQeE6I072I3EV45,0
R_3QSPtt9XZ4TsoU3,0
R_3J48G8CoyWTgpAA,0
R_2qqFDTFPjhALgxF,0
R_1lAntFRFbIOKfKJ,0
R_3DoS0kM4YDNEOMF,0
R_6LPBK6ff5iPf6Jr,0
R_dmzgFDz9zEeCitj,0
R_12zlnss5OwGK2Et,0
R_qDsWSjCEHIQUsxz,0
R_10CQcYBxKOeLoxI,0
R_06P29WuvAj4VJ4d,0
R_1jlcsDDzuxJUccK,0
R_3hsYEpLy5P1c4S7,0
R_wKSnpvmoiB4Th2F,0
R_AzyBzyrqL1ySmkh,0
R_28Y95hFqjtNupgd,0
R_1gphjPCqEV6Aana,0
R_1pGxguih5s4aOzf,0
R_2aQ9ZQVwrfSP37j,0
R_3spOoMywqXwr7PC,0
R_2zvWi2wmJJV1MmZ,0
R_cAVKwm2dPYaS86d,0
R_9Eo4u86GxHptQJj,0
R_2RQ678GNoGE6dri,0
R_UDDRDFeNRRzg2mB,0
R_0cZOgiRqIISTEqZ,0
R_blJtRC5aCu7fm9j,0
R_1mgsEZcsgeqPGDn,0
R_SJlqD0vcNZhaqiJ,0
R_vTU96i18cJtaYz7,0
R_BLHAxdhih6za3Rf,0
R_3hE1Qy3xFh8RQOB,0
R_1GwEmtbNKfAtjxq,0
R_1LNEp28BCW5lVre,0
R_2QfHNFoO18dGtu9,0
R_tMTScqSgPfRIIMN,0
R_somEAVhC0hm0zap,0
R_1IHlbwD0hdsz6EC,0
R_1EXSE3Ypb15hPFN,0
R_BKf74ROajrXoK5j,0
R_1JJZS3FeefQJbRE,0
R_1MNl7Wo3a0wWMQq,0
R_pfwCFuSQUEZJy9P,0
R_1mQUHV6PJKXUOxK,0
R_3PirILuIUzScKFi,0
R_2atzTvJlDKhK5XZ,0
R_3kG5wBpZdwmOEAc,0
R_1ODpkMIhxwuRzH6,0
R_6Ru1EVTjae667w5,0
R_3DbcWLsQ38bhbv4,0
R_2X5ObNQ0KwkrPgL,0
R_VWKhWHJSrH8SBHP,0
R_6Vw1DrGXCiDdLfX,0
R_2qwIvK5Jy4Nze7a,0
R_bfPlhlmLBsTMzaV,0
R_PCaOXZLJ7aCJ8SR,0
R_1lgAMSnZnn9iORI,0
R_SWaFIEDntzEnjEZ,0
R_1NeIQOHjvlH13Di,0
R_2V9oymeF1RuVwqC,0
R_28NYFcHycPjDKAP,0
R_1rJJEQc3yuWoF0c,0
R_XtTe3xaAVJarnvr,0
R_WDPfU7KNQofquWZ,0
R_1LTMtI2j1KVZntV,0
R_1P72dV6z8hcLm2h,0
R_1JCLLJI4LwXZIWV,0
R_1eUHN0gRHd2SKcU,0
R_YWhaWHNVgL69hmh,0
R_2QAv7pIHuVttvrq,0
R_vvIWQSGdZ7aFqUN,0
R_3K7txQzjK2urCcp,0
R_57GgLghwuyLIwFz,0
R_BY4RujpdU6YNadr,0
R_2dXuL5zlq97Ry8Q,0
R_1BUVUnnuPTC2YGg,0
R_QcbbwSVOg4zeQ1j,0
R_3fMMOLviyhZJ73g,0
R_2cuqZKyNtVmNKyO,0
R_1rMIN48I5xhE84X,0
R_PNlfV7PPW9i52Df,0
R_2431iWUwtYk9lf9,0
R_2WBbyEepJvmCMbs,0
R_1d7898dXy6XpDua,0
R_3JIUCekQZML8Vz6,0
R_1hPTBpsUIrjsahK,0
R_3fOuLMqKrkUhcYO,0
R_2Y9tVJUmJekMBDC,0
R_3eeKLdwuFyFdMzY,0
R_BsQgdclKwVCzNuN,0
R_2t5wt0qNTw2dXSh,0
R_ZaQthYjklCT3Y6B,0
R_20UIQraOEnfvJqi,0
R_3DiJONc5Gc2BseF,0
R_2v6xCgGjWMuDCsX,0
R_2tgtHyEKrOykZLv,0
R_1roeuhSBfgl5Kc1,0
R_3qkcV7IbXBqqvAY,0
R_5BAC8eYUnIHhlf3,0
R_0lKE9pTavPVZbBT,0
R_3iyxsjXHpmNFikO,0
R_1roxoY03CkYvC80,0
R_2WYZhfCIdreA6N8,0
R_20Ur9SVgaJuf5HH,0
R_XmG7ScfzgqstjRD,0
R_TjvDZCqu3aOsDVT,0
R_1imVDoJ8oCa0vXh,0
R_Ath3aRMVb8ReHHH,0
R_2PicNpEgKzuxmzm,0
R_3LhxCTUuq7uJ1aC,0
R_1OBx0Z9ZKRoHXc0,0
R_2uEwUx5swFf5Fu6,0
R_3Q0sm0opw0nbHH0,0
R_27D1jbdtRu296Lz,0
R_1mwwgwltRFicNVU,0
R_3nARIoBEZmmWqjx,0
R_2rloHKJ5siXnNfW,0
R_1Gw3EyvXhLYVkkP,0
R_1OGLLXdvMpt967l,0
R_SBRAF7W2WlIzAGt,0
R_2uKfXlSOzKQytNb,0
R_YaB4PKH8VccFhbX,0
R_sI55205ekUT4naV,0
R_YcpLWUrLGAj417b,0
R_9vgBOUGCuNc7LMd,0
R_3JDelnMYEwBDTqw,0
R_3qQzty3KfUMIZCi,0
R_QnAP7UOiCJRSeUp,0
R_SBkc1zcFvG4KnWF,0
R_1F9cWsekQTIoR60,0
R_300EyhClvJVayoM,0
R_YWEN3E4pmjG2pnX,0